{
  "player_detector": {
    "fps": 73.98728424934721,
    "ms_per_frame": 13.515836000005947,
    "n_frames": 200
  },
  "ball_detector": {
    "fps": 70.12454540056154,
    "ms_per_frame": 14.260341999906814,
    "n_frames": 200
  },
  "court_keypoint_detector": {
    "fps": 43.80885966719345,
    "ms_per_frame": 22.826433000009274,
    "n_frames": 200
  }
}